1607847,2743477,Swol
1607851,2743477,Zwolle
2029630,2743493,Zwijndrecht
2431863,2743507,Zweins
2431864,2743507,Swyns
1244093,2743510,Zweelo
2431731,2743590,"De Westerein"
2697740,2743590,"De Westereen"
16386560,2743590,"De Westereen"
1244101,2743593,Zwaagdijk
1244105,2743608,Zutfen
1918469,2743608,Zutphen
1244106,2743611,Surig
1244107,2743619,"Groot Zundert"
1244108,2743624,Zuelichem
1944697,2743680,Zuidlaren
9466529,2743680,Súdlaren
1244132,2743787,Zuid
4123797,2743787,Zuideinde
8797506,2743787,Giethoorn
1244133,2743800,Zuidbruek
1244134,2743800,Zuidbrock
1244135,2743800,Zuidbreek
1244141,2743807,Zuidbeierland
9382901,2743816,Sâltkamp
1244145,2743824,Zorgvliet
13438006,2743853,Zoeterwoude
1614188,2743856,Zoetermeer
1244155,2743874,Silven
2697715,2743874,Silvolde
1244169,2743904,Zijdewinne
1244171,2743913,Zieriksee
1244178,2743944,Zevenbergschehoek
1920029,2743977,Zeist
11340354,2743977,Seist
1244187,2743985,Zeien
1244188,2743985,Zeyen
2322175,2743985,Zeijen
8552853,2744014,Zeeland
1244199,2744042,Landvoort
1943684,2744042,Zandvoort
1244209,2744129,Iersake
1244210,2744129,IJerseka
1244211,2744129,Ierseke
11643401,2744129,Yrseke
1244212,2744130,Ide
1244214,2744140,Wouwse-Plantage
1244218,2744147,Wouterswoud
2431737,2744147,Wouterswoude
2431738,2744147,Wâlterswâld
11521539,2744153,Wâldsein
1951873,2744156,Woudrichem
1244224,2744171,Wormereer
1554478,2744179,Workum
1554479,2744179,Warkum
4123841,2744179,Workum
1244232,2744187,"Het Woold"
13438005,2744187,"Winterswijk Woold"
1554476,2744189,Wons
1554477,2744189,Wûns
4123844,2744194,Wolvega
8490424,2744194,Wolvegea
1244233,2744199,Oostkerk
1244234,2744199,Oostkerke
9710219,2744199,Wolphaartsdijk
1244236,2744219,Wolfheeze
1244240,2744246,Woerdenscheverlaat
1244241,2744246,Woerdenschverlaat
1244242,2744246,"Woerdsche Verlaat"
1939598,2744248,Woerden
1947092,2744257,Woensdrecht
1554474,2744303,Witmarsum
1554475,2744303,Wytmarsum
1244251,2744317,Wissekerke
13437930,2744326,"Wirdum Gn"
1244252,2744329,Windraak
1244253,2744338,Winseem
4123851,2744338,Winsum
1244254,2744339,Winsen
1920453,2744344,Winschoten
8320368,2744344,Wynskoat
1244261,2744360,"Kiel Windeweer"
1244263,2744373,Welp
1244268,2744418,"Wilhelmina Soord"
1244278,2744453,Witgaard
1244279,2744453,Wytgaard
1737,2744458,Wyns
2431652,2744458,Wijns
1244281,2744459,Duurswoude
1244282,2744459,Wijnjeterp-Duurswoude
1244283,2744459,Wijnjeterp
1244284,2744459,Wynjeterp
2431977,2744459,Wijnjewoude
2431978,2744459,Wynjewâld
1244285,2744472,Winaldum
2431843,2744472,Wijnaldum
2431844,2744472,Winaam
2431846,2744472,Winaem
8729040,2744483,"Wyk by Duerstede"
1244288,2744489,Wije
1244290,2744510,Wijkel
1244291,2744510,Wikel
1952946,2744514,Wijchen
1244297,2744518,Wiewerd
12133247,2744518,Wiuwert
1554472,2744526,Wierum
1554473,2744526,Wierum
4123864,2744526,Wierum
1244301,2744532,Wieringerdorf
1952767,2744549,Wierden
1952770,2744549,Wierden
2919740,2744551,Wier
2919741,2744551,Wier
4123870,2744551,Wier
1244311,2744577,Wesup
1244314,2744587,Weurd
1244315,2744588,Wetsens
2431828,2744588,Wetzens
1244316,2744593,"De Wetering"
1244317,2744608,Westerschelling
1244318,2744608,West-Skylge
1244324,2744636,Knollendam
13437791,2744636,Westknollendam
1244326,2744650,"West Grastdijk"
1244335,2744671,Westerwijdwerd
1244341,2744741,Westerhaar
1244345,2744753,Westerenden
1244348,2744770,Blokker
1244364,2744818,Wezepe
1933610,2744827,Werkendam
12133269,2744833,Wenum-Wiesel
2730175,2744848,Welsrijp
1244372,2744865,"Well L"
1244379,2744898,Hoorn
1244380,2744898,Weë
1244381,2744898,"Den Hoorn"
1244382,2744898,Wehe
2034262,2744904,Weesp
1244386,2744911,Weerd
2013117,2744911,Weert
1244387,2744915,Weerseloo
2431964,2744995,Waskemeer
2431966,2744995,Waskemar
2432125,2744998,Wartena
2432126,2744998,Warten
2432127,2745000,Warstiens
2432128,2745000,Warstiens
2432123,2745018,Warga
2432124,2745018,Wergea
11577843,2745020,Warfhuzen
1244405,2745024,Warfum
1244406,2745025,Warden
1244409,2745037,Wapenvelde
2426566,2745042,Wânswert
4123917,2745042,Wanswerd
1244412,2745043,Wansum
1244415,2745046,Wanrooi
1244416,2745046,Wanroy
1244417,2745046,Wanrooy
1244418,2745048,Wenneperveen
1244420,2745060,Walsoorde
1650035,2745088,Wageningen
1244437,2745094,Wadenooien
1244438,2745094,Wadenooijen
1244439,2745094,Wadenoyen
1244441,2745101,Waaksens
2431801,2745101,Waaxens
1915466,2745123,Waalwijk
1952796,2745127,Waalre
1244455,2745163,"Lieve Vrouwe Parochie"
1244456,2745163,"Lieve Vrouwenparochie"
2432182,2745163,Vrouwenparochie
2432183,2745163,Froubuorren
1244457,2745166,Vrouweakker
1244462,2745182,Uriezenveen
1244463,2745187,Friescheloo
1244476,2745250,Mullem
1244477,2745250,Vortum
1244478,2745250,Mullum
11262445,2745250,Vortum-Mullem
13438015,2745326,"Vondelingenplaat Rotterdam"
11606966,2745352,Fûgelwearde
1618126,2745392,Vlissingen
8306598,2745392,Flissingen
1244507,2745461,Vlachtwedde
1952500,2745461,Vlagtwedde
1927756,2745467,Vlaardingen
1244521,2745505,Finkega
10929367,2745550,Vierlingsbeek
13437928,2745581,"Vianen NB"
1244549,2745626,Veen
1244550,2745626,Ven
1244552,2745634,Venraai
1244553,2745634,Venraij
1244554,2745641,Venloo
1616975,2745641,Venlo
8218528,2745641,Fenlo
1244555,2745653,Veenebrugge
1244559,2745673,Velsen
1244560,2745673,Velzen
2004705,2745673,Velsen
1244561,2745674,Velseroord
1244562,2745674,Velzeroord
11586582,2745677,Felp
1244569,2745726,Vechel
1930962,2745726,Veghel
1244570,2745727,Stobbegat
1244571,2745727,Stobbega
2432066,2745727,Vegelinsoord
2432067,2745727,Vegelinsoard
2432068,2745727,Stobbegat
2432069,2745727,Stobbegea
1244572,2745728,Vesen
1244578,2745739,Vere
1655239,2745739,Veere
2431720,2745743,Veenwouden
2431721,2745743,Feanwâlden
1244581,2745754,Veenkloster
1244583,2745757,Veeninger
1244584,2745757,Veningen
11642731,2745764,Feanhuzen
1244586,2745774,Venendaal
1929199,2745774,Veenendaal
1244591,2745800,Varseveld
1244592,2745801,Varselder
1244606,2745842,Eerste-Valtermond
1244607,2745842,"Eerste Valthermond"
1244609,2745846,Valte
1931460,2745860,Valkenswaard
13334037,2745872,Valkenburg
13334038,2745872,Valkenburg
1244624,2745892,Vasen
1937503,2745906,Vaals
1985450,2745912,Utrecht
10386985,2745912,Utert
1244631,2745918,Uskwerd
11512600,2745918,Uskwert
1654493,2745932,Urk
1554470,2745936,Ureterp
1554471,2745936,Oerterp
4124004,2745936,Ureterp
4124006,2745940,Ulvenhout
1244642,2745949,Ulekoten
6918604,2745960,Uitwellingerga
1244645,2745968,Uithuizermeedum
1244646,2745968,Uithuizermeden
1244647,2745973,Uithoorn
11359786,2745973,Uthoarn
2021499,2745978,Uitgeest
11358203,2745978,Utgeast
4124013,2745997,Ugchelen
4124014,2745997,Uchelen
1931443,2746005,Uden
1244657,2746023,Tjummarum
2431875,2746023,Tzummarum
2431876,2746023,Tsjummearum
1244658,2746024,Tjum
2431849,2746024,Tzum
2431850,2746024,Tsjom
1244659,2746027,"'t Zandt"
1244662,2746031,Zand
1244664,2746038,Tinaarloo
1244665,2746038,Tinaarlo
1931642,2746038,Tynaarlo
1931645,2746038,Tynaarlo
1244669,2746048,Twist
2431576,2746051,Twijzelerheide
2431577,2746051,Twizelerheide
1244671,2746052,Twizel
2431573,2746052,Twijzel
1244693,2746071,"2e Valthermond"
1244694,2746071,Valterveen
1244696,2746075,"2e Exloërmond"
1244697,2746075,"Tweede Ekslooërmond"
1244699,2746083,Waar
1244700,2746083,"Het Waar"
13437807,2746083,"'t Waar"
1244701,2746085,Waal
2188742,2746085,"Tull en 't Waal"
1244702,2746093,Veld
13437802,2746093,"'t Veld"
1244713,2746121,Tuitjehorn
1933080,2746133,Tubbergen
1933083,2746133,Tubbergen
1244724,2746160,Trimen
1244735,2746198,Torenwerd
1244743,2746228,Tolkmar
1244744,2746228,Tokalmar
1244745,2746234,Tolberd
1244748,2746247,Loo
1244749,2746247,"Het Loo"
12133240,2746247,"'t Loo Oldebroek"
2432091,2746269,Tjerkgaast
2432092,2746269,Tsjerkgaast
1244758,2746274,Tjallebert
1244759,2746274,Tjallebird
4124045,2746274,Tjalleberd
1244760,2746284,"De Tinte"
1244761,2746297,Tilhgte
1640610,2746301,Tilburg
8201531,2746301,Tilburch
1244762,2746304,Tynje
2431975,2746304,Tijnje
2431976,2746304,"De Tynje"
5580310,2746311,Tytsjerk
5580311,2746311,Tietjerk
1244766,2746314,Tienraai
1244767,2746314,Tienray
1952566,2746331,Tiel
1244771,2746342,Torn
2020854,2746342,Thorn
1244773,2746351,Tolen
1913274,2746351,Tholen
1244775,2746361,Thezinge
1244776,2746361,Tezinge
1244779,2746371,"Het Harde"
1244780,2746371,Harde
13437796,2746371,"'t Harde"
13437806,2746373,"'t Haantje"
1244783,2746380,Gooi
1244784,2746380,"'t Gooi"
1244785,2746380,"'t Goy"
5463675,2746380,"Gooi en vechtstreek"
1244792,2746387,"De Teuge"
2432134,2746390,Terzool
2432135,2746390,Tersoal
1244793,2746395,Terwolte
4124058,2746395,Terwolde
2432000,2746398,Terwispel
2432001,2746398,Terwispel
4124059,2746398,Terwispel
2432064,2746418,Teroele
2432065,2746418,Teroele
1244801,2746420,Neuzen
1655506,2746420,Terneuzen
1996457,2746420,Terneuzen
2431790,2746424,Ternaard
2431791,2746424,Ternaard
1554468,2746440,Terkaple
1554469,2746440,Terkaple
1244807,2746441,"Ter Idzart"
1244808,2746441,"Ter Idzardt"
1244809,2746441,"Ter Idzerd"
4124066,2746441,"Ter Idzard"
1554466,2746449,Terhorne
1554467,2746449,Terherne
13393905,2746452,Terhole
1244811,2746456,Terheide
1244812,2746456,Terheden
1244813,2746456,Terheiden
1244814,2746457,"Ter Heide"
1244815,2746457,Terheiden
1244816,2746457,Terhei
1244821,2746468,Terborch
1244822,2746476,Ter-Aart
1952224,2746491,"Ten Boer"
1244830,2746510,Teffelen
1244831,2746510,Tefelen
1244836,2746534,Taarloo
1244838,2746543,Zwichem
1244839,2746543,Zwichum
1945847,2746548,Swalmen
2431590,2746557,Surhuizum
2431591,2746557,Surhuzum
2431586,2746558,Surhuisterveen
2431587,2746558,Surhústerfean
4124077,2746558,Surhuisterveen
2431621,2746564,Suawoude
2431622,2746564,Suwâld
2431615,2746565,Suameer
2431616,2746565,Sumar
2431592,2746589,Stroobos
2431593,2746589,Strobos
1244849,2746605,"Strijensche Sas"
1244857,2746631,Stramproij
1244858,2746631,Stamprooi
1244859,2746631,Stamproy
11590118,2746692,Stitswert
1244885,2746751,Steil
1244886,2746751,Steyl
4124109,2746751,Steijl
1244887,2746752,Steggerden
1244891,2746761,Kerkbuurt
8320550,2746766,Stienwyk
2010106,2746804,Steenbergen
1244894,2746816,Staveren
1554464,2746816,Stavoren
1554465,2746816,Starum
1952005,2746839,Staphorst
1952008,2746839,Staphorst
1244902,2746860,Afraai
1932500,2746860,Stadskanaal
1244903,2746871,"Stad aan het Haringvliet"
1244911,2746883,Zoutespui
1244921,2746903,Sprang-Capelle
1927672,2746932,Spijkenisse
13437927,2746935,"Spijk Gn"
1244927,2746964,Spanbeek
9409445,2746964,Spaubeek
7101281,2746976,Spanga
4124139,2746981,Spakenburg
5463484,2746981,Bunschoten-Spakenburg
11478260,2746981,Spakenburch
7101282,2747008,Sonnega
1932438,2747021,Someren
2432026,2747048,Snikzwaag
2432027,2747048,Sniksweach
1554462,2747063,Sneek
1554463,2747063,Snits
1244948,2747064,Snakkeburen
1244953,2747076,Hilde
1244954,2747076,Schilde
1244955,2747082,Klazienaveen-Noord
2431525,2747095,"Smelle Ie"
2431526,2747095,"Smalle Ee"
1244956,2747096,Smallebragge
4124150,2747096,Smallebrugge
1554460,2747131,Sloten
1554461,2747131,Sleat
1931387,2747143,Slochteren
1244967,2747162,"Sliuk Ewijk"
1244968,2747162,"Slijk Ewijki"
1244969,2747162,Slikewijk
7101283,2747163,Slijkenburg
1244972,2747176,Slenken
1244973,2747178,Sleewijk
2919738,2747184,Slappeterp
2919739,2747184,Slappeterp
1244977,2747206,S-Heerjansland
1244978,2747206,Sirsjansland
1244979,2747210,Willebrord
1244980,2747210,Heike
13437819,2747210,"St. Willebrord"
1244981,2747221,"Sint Filipsland"
1244984,2747225,Pankras
1244985,2747225,"Sint Pankras"
1932584,2747227,Sint-Oedenrode
1244986,2747231,"Sint Nikolaasga"
2428816,2747231,"Sint Nyk"
2432062,2747231,"Sint Nicolaasga"
2432063,2747231,"Sint Nikelsgea"
13405605,2747241,Sint-Maartensdijk
1244989,2747257,"Sint Johannisga"
2432055,2747257,"Sint Jânsgea"
2432056,2747257,Sintjohannesga
1244991,2747260,Sint-Janssteen
13437799,2747270,St.-Jacobiparochie
1244994,2747280,Geertruid
1244995,2747280,"Sint Geertruide"
1244996,2747290,Antonis
1244997,2747290,"Sint Antonis"
1932672,2747290,"Sint Anthonis"
1245001,2747297,Annaparochie
2432180,2747297,"Sint Annaparochie"
2432181,2747297,"Sint Anne"
12133261,2747297,"St. Annaparochie"
11995128,2747298,"St, Anna Land"
11995129,2747298,"Anna Land"
13437794,2747298,Sint-Annaland
2030104,2747312,Simpelveld
1245011,2747328,Sibrandahuis
1245012,2747328,Sybrandahuis
2431742,2747328,Sijbrandahuis
2431743,2747328,Sibrandahûs
1245013,2747330,Sybrandaburen
1245014,2747330,Sibrandaburen
1554458,2747330,Sijbrandaburen
1554459,2747330,Sibrandabuorren
1245015,2747338,Sigerswoude
1245016,2747338,Siegerswolde
2431625,2747338,Siegerswoude
2432295,2747338,Sigerswâld
2432296,2747338,Kloosterburen
2432297,2747338,Kleasterbuorren
1245018,2747347,Sibenlo
1245019,2747351,Hertogenbosch
1618121,2747351,"De Bosk"
2428548,2747351,'s-Hertogenbosch
2428549,2747351,"Den Bosch"
13437801,2747352,"'s-Heer Hendrikskinderen"
13437798,2747355,'s-Heerenhoek
13437804,2747356,'s-Heerenbroek
10261745,2747358,"'s-Heer Arendskerke"
13437805,2747359,"'s-Heer Abtskerke"
13437795,2747366,'s-Gravenpolder
1245025,2747371,"'s Gravemoer"
1245027,2747373,"Den Haag"
1245029,2747373,Haag
1594887,2747373,"De Haach"
1935414,2747375,'s-Gravendeel
1245031,2747377,"'s Gravenland"
11537675,2747377,'s-Graveland
11537676,2747377,s-Gravelân
1245033,2747380,Sixbierum
2431855,2747380,Sexbierum
2431856,2747380,Seisbierrum
4124171,2747380,Sexbierum
6113629,2747380,Sixbierum
1932718,2747382,Sevenum
1245035,2747407,Zeerijp
1245036,2747407,Stryp
1245037,2747407,Seerijp
2432405,2747407,Seeryp
12133721,2747407,Striep
1245045,2747499,Schoonerwoerd
1245047,2747504,Schoonloo
2697739,2747506,Sconhouen
1245054,2747515,"Oud Schoonebeek"
1245059,2747545,Schipbork
1245062,2747551,"Schin op Geule"
2919736,2747558,Schingen
2919737,2747558,Skingen
1932251,2747584,Schijndel
1245068,2747591,Oosterburen
1554454,2747591,Schiermonnikoog
1554455,2747591,Skiermûntseach
4124187,2747591,Schiermonnikoog
1922272,2747596,Schiedam
8313796,2747596,Skiedam
1245074,2747602,Schulde
1245075,2747602,Schulder
7319317,2747603,Schettens
9451016,2747607,Skerpenseel
1245081,2747654,Scherwolde
1245082,2747654,Scherwold
1935528,2747661,Scheemda
2299691,2747669,Skarsterbrêge
2432028,2747669,Scharsterbrug
1245092,2747698,Schaalsum
2431865,2747698,Schalsum
2431866,2747698,Skalsum
1245095,2747704,Schalkhaap
1245099,2747713,Schaik
1245100,2747713,Schaaik
1245101,2747713,Schayk
1953779,2747720,Skagen
1953782,2747720,Schagen
11490600,2747749,"Sas fan Gent"
1245111,2747760,Santpoort
1245115,2747762,Sânfirde
1245116,2747762,Sandfird
2432399,2747762,Sânfurd
2432400,2747762,Sandfirden
10929366,2747773,Sambeek
1245123,2747783,Saaksumhuizen
1245124,2747787,Saaxum
1245130,2747808,Rumt
1245131,2747808,Remt
1245132,2747815,Rukfen
1245133,2747815,Rucphen
1245143,2747865,Rosendaal
1245144,2747865,Roosendaal
2432086,2747884,Rottum
2432087,2747884,Rottum
4124221,2747884,Rottum
2431555,2747886,Rottevalle
2431556,2747886,Rottefalle
1601133,2747891,Rotterdam
2432058,2747897,Rotsterhaule
2432059,2747897,Rotsterhaule
1245161,2747898,Gaast
2432060,2747898,Rotstergaast
2432061,2747898,Rotstergaast
1655725,2747930,Roosendaal
2432129,2747938,Roordahuizum
2432130,2747938,Reduzum
2432131,2747938,Roardahuzum
2431726,2747948,Roodkerk
2431727,2747948,Readtsjerk
13437895,2747949,Roodhuis
13437896,2747949,Reahûs
1245181,2747956,Roodeschooi
2431571,2747983,Rohel
2431572,2747983,Reahel
1644628,2748000,Roermond
1245194,2748018,Roderol
11575841,2748026,Roan
1245196,2748029,Rokanje
1245197,2748029,Rokkanje
1245201,2748042,Rittem
2431740,2748051,Rinsumageest
2431741,2748051,Rinsumageast
1245208,2748068,Rilland-Bath
13437962,2748077,"Rijswijk (GLD)"
13437925,2748078,"Rijswijk (NB)"
1245212,2748083,Rijssen
12096100,2748083,Rijssen
1245214,2748099,Riperkerk
2431635,2748099,Rijperkerk
2431636,2748099,Ryptsjerk
11607828,2748104,Rynsburch
1245216,2748106,Rijnxaterwoude
1245223,2748130,Reijen
1245225,2748146,Rietmole
2431881,2748168,Ried
2431882,2748168,Rie
8655371,2748172,Ridderkerk
1245233,2748178,Roon
1245243,2748183,Rhenoij
1245244,2748183,Rhenooi
1245245,2748183,Renooi
1245246,2748185,Renen
13266780,2748185,Rhenen
1245247,2748187,Reezerveen
1245254,2748217,Reuzel
2023212,2748236,Renkum
1245261,2748258,Reimerstok
2431920,2748305,Ravenswoud
2431921,2748305,Ravenswâld
4124274,2748305,Ravenswoud
1245275,2748306,Ravenswaai
1245276,2748306,Ravenswaay
1245277,2748308,Ravestein
1554453,2748314,Raerd
1245280,2748316,Batum
13438028,2748316,"Winterswijk Ratum"
1245282,2748319,Raskwerd
1245286,2748351,Baalde-Radewijk
1554450,2748357,Raard
1554451,2748357,Raard
1245290,2748361,Raamsdonkveer
1954665,2748371,Raalte
1954668,2748371,Raalte
1245295,2748397,Putten
1927482,2748413,Purmerend
11337067,2748413,Purmerein
1245299,2748415,"De Purmer"
4124283,2748415,Purmer
1245324,2748486,Kockengen
1554448,2748488,Poppingawier
1554449,2748488,Poppenwier
1245332,2748535,Poederooien
1245333,2748535,Poederoyen
1245334,2748535,Poederoien
1245346,2748591,Pynakker
1245347,2748591,Pijnacker
2431853,2748598,Pietersbierum
2431854,2748598,Pitersbierrum
1245353,2748625,Filippine
13405604,2748647,"Pernis Rotterdam"
2431861,2748674,Peins
2431862,2748674,Peins
1245387,2748740,Rannereen
1245396,2748770,Pezens
1245397,2748770,Paezens
1245398,2748770,Peasens
2431802,2748770,Peazens
2431803,2748770,Paesens
1245399,2748777,Paaslo
2697791,2748825,Graauwedijk
9543102,2748833,Overloon
9543103,2748833,Overloon
1245421,2748873,Nijega
1245422,2748873,Ousternijega
1245423,2748873,Ooster-Nijega
2432033,2748873,Ousternijegea
2432034,2748873,Ouwster-Nijega
1245424,2748874,Oosterhaule
2432031,2748874,Ouwsterhaule
2432032,2748874,Ousterhaule
1245425,2748883,Zuilen
13437803,2748883,"Oud Zuilen"
7101284,2748886,Oudwoude
1245426,2748891,"Oud Vosmeer"
1245434,2748915,Loosdrecht
2729864,2748915,Oud-Over
4124339,2748915,Oudover
2431639,2748941,Oudkerk
2431640,2748941,Aldtsjerk
2426601,2749007,Aldskoat
1245447,2749016,Ouderkerk-aan-den-IJsel
1245448,2749016,Ouderkerk
3058506,2749016,"Ouderkerk a/d IJssel"
3058507,2749016,"Ouderkerk aan de IJssel"
3058508,2749016,"Ouderkerk aan de Yssel"
3058509,2749016,"Ouderkerk a/d Yssel"
3058510,2749016,"Ouderkerk aan den Yssel"
7487500,2749016,"Ouderkerk aan den IJssel"
1245449,2749017,"Ouder Amstel"
1245450,2749017,Ouderkerk
2187808,2749017,"Ouderkerk Aan Den Amstel"
3058531,2749017,"Ouderkerk a/d Amstel"
3058532,2749017,"Ouderkerk aan de Amstel"
1245453,2749039,Oudemolen
1245455,2749061,Aldemardum
1245456,2749074,"De Leije"
1245457,2749074,"Oude Leie"
1245458,2749074,Leie
1245459,2749074,"Oude Leye"
1245460,2749074,Leije
5580327,2749074,"Alde Leie"
12133260,2749074,"Oude Leije"
1245465,2749109,Oldehorne
1245466,2749109,Aldhoarne
1245471,2749120,Oldehaske
2299690,2749120,Aldehaske
2432039,2749120,Oudehaske
2431519,2749136,Oudega
2431520,2749136,Aldegea
1245483,2749155,"Oude Biltzijl"
2432186,2749155,"Oude Bildtzijl"
2432187,2749155,"Alde Biltsyl"
11458549,2749164,Alddoarp
1245498,2749182,"Oud Beierland"
13437836,2749187,Oud-Annerveen
1245511,2749203,Otterloo
1245515,2749234,Os
1653799,2749234,Oss
2426603,2749251,"It Oranjewâld"
1940807,2749286,Opmar
1940810,2749286,Opmeer
1245525,2749289,Oplo
1245526,2749290,Opitnen
1245528,2749302,Opende-West
2431607,2749302,"De Grinzer Pein"
2431527,2749304,Opeinde
2431528,2749304,"De Pein"
2023651,2749320,Oostzaan
11344476,2749320,Eastsaan
1245537,2749324,Oostwolde
1245546,2749341,Souberg
1245547,2749341,Oostsoeburg
1554446,2749343,Oostrum
1554447,2749343,Eastrum
1245548,2749359,Knollendam
13405606,2749359,Oostknollendam
7101285,2749372,Oosthem
1245550,2749374,Graftdijk
1554444,2749391,Oosterwolde
1554445,2749391,Easterwâlde
13437949,2749392,"Oosterwolde Gld"
1245552,2749394,Oosterwijdwerd
12133253,2749401,Easterwierrum
1245556,2749427,Nijkerk
1554442,2749427,Oosternijkerk
1554443,2749427,Easternijtsjerk
2431626,2749430,Oostermeer
2431627,2749430,Eastermar
2426595,2749434,Easterlittens
1942277,2749450,Oosterhout
1245558,2749473,Aasterein
1245559,2749473,Oostereind
11801854,2749474,Easterein
11801855,2749474,Oosterend
11814821,2749474,Easterein
1245560,2749475,Oostereind
2431879,2749500,Oosterbierum
2431880,2749500,Easterbierrum
1245589,2749569,Ooy
1245590,2749569,Ooi
2015835,2749613,Ommen
2015838,2749613,Ommen
1554440,2749622,Olterterp
1554441,2749622,Olterterp
4124410,2749622,Olterterp
1245600,2749639,Oldetrine
2432072,2749640,Oldeouwer
2432073,2749640,"Alde Ouwer"
4124413,2749640,Oldeouwer
1245601,2749641,Oldenxijl
1946163,2749644,Oldenzaal
1946166,2749644,Oldenzaal
1245604,2749655,Oldelemmer
1245605,2749660,Oldenhove
1245606,2749662,Oldeholtwoude
1245611,2749668,Olderbroek
2432111,2749669,Oldeboorn
2432112,2749669,Aldeboarn
2431931,2749671,Oldeberkoop
2431933,2749671,Aldeberkeap
2431934,2749671,Berkeap
1245613,2749673,Olbergen
1245615,2749680,Oosterwijk
1935186,2749680,Oisterwijk
1245617,2749683,Oorschot
1935154,2749683,Oirschot
1245618,2749685,Oorsbeek
1245620,2749687,Oorlo
1245621,2749687,Oorloo
1245623,2749689,Ooien
1245626,2749692,Ohee
1245627,2749692,"Ohé en Laak"
7101287,2749694,Offingawier
2431643,2749708,Oenkerk
2431644,2749708,Oentsjerk
1245632,2749723,Oestgeest
1956806,2749723,Oegstgeest
1245633,2749726,Oefelt
11262446,2749726,Oeffelt
1950222,2749745,Obdam
1950225,2749745,Obdam
1245636,2749753,Nut
1913848,2749753,Nuth
1245641,2749765,Buitensluis
1245642,2749765,Niemansdorp
1245644,2749780,Nuenen
1554438,2749807,Noordwolde
1554439,2749807,Noardwâlde
1245650,2749812,Noordwijk
2431617,2749992,Noordbergum
2431618,2749992,Noardburgum
1245688,2750003,Noordbeek
1245697,2750053,Nymegen
1245698,2750053,Nimwegen
1245699,2750053,Nijmeyen
1245700,2750053,Nimègue
1611327,2750053,Nymwegen
1611331,2750053,Nijmegen
1245703,2750067,Nijhuixum
4124462,2750067,Nijhuizum
1245706,2750076,Nijetrine
2428815,2750089,Nijemardum
4124464,2750089,Nijemirdum
1245710,2750090,Nijelemmer
1245711,2750091,Nijeholtwoude
1245712,2750094,Nijhaske
1245713,2750094,Nieuwehaske
2432042,2750094,Nijehaske
2432043,2750094,Nijehaske
2431958,2750100,Nijeberkoop
2431959,2750100,Nijeberkeap
1245714,2750103,Beets
1245715,2750103,"Nieuw Beets"
1554436,2750103,"Nij Beets"
1554437,2750103,"Nij Beets"
2432192,2750104,"Nij Altoenae"
2432193,2750104,"Nij Altoenae"
1245716,2750106,Nichtevecht
1245719,2750117,Nieuw-Vosmeer
1245721,2750126,Nieuwstad
1245724,2750134,Nieuw-Schoonebekerveld
1245726,2750155,"Nieuw Naman"
1245732,2750177,"Nieuw-en Sint Joosland"
1245733,2750180,Nieuwkuik
13437800,2750195,"Nieuw Heeten"
1245741,2750246,Nijeschoot
2426602,2750246,Nijskoat
4124475,2750246,Nieuweschoot
1245744,2750250,Langakker
7636047,2750250,"Bad Nieuweschans"
9454125,2750250,Nijeskâns
1245745,2750254,"Ter Aa"
1245746,2750254,Nieuwertera
1245747,2750261,Nieuwerkerk
1245748,2750263,"Nieuwerkerk aan den Yssel"
1245749,2750263,Nieuwerkerk
3058502,2750263,"Nieuwerkerk a/d IJssel"
3058503,2750263,"Nieuwerkerk aan de IJssel"
3058513,2750263,"Nieuwerkerk aan de Yssel"
3058514,2750263,"Nieuwerkerk a/d Yssel"
13437797,2750278,"Nieuwe Niedorp"
1245752,2750285,Nieuwedijk
1245756,2750310,Nijehorne
2426638,2750310,Nijhoarne
4124479,2750310,Nieuwehorne
1245763,2750325,Nieuwegen
1651418,2750325,Nieuwegein
1245771,2750356,Nieuwedorp
1245772,2750371,Nieuw-Beierland
1245773,2750374,Annerveen
1245777,2750396,Nieberd
1245778,2750398,Nibbikswoud
1245779,2750399,Nyawier
1245780,2750399,Nijewier
2431759,2750399,Niawier
2431613,2750417,Nes
2431614,2750417,Nes
1245797,2750453,Andel
1245802,2750460,Nede
1934419,2750467,Nederweert
1245806,2750473,Langbroek
1245807,2750473,Neerlangbroek
1653680,2750521,Naarden
1245828,2750553,Munnikenzijl
4124513,2750553,Munnekezijl
1245832,2750555,Monnikeburen
1245833,2750555,Monnikenburen
1245834,2750555,Munnikeburen
4124514,2750555,Munnekeburen
1245840,2750600,Mortel
2431764,2750603,Morra
2431765,2750603,Moarre
2697672,2750609,Mwórveld
1245847,2750641,Monnikendam
1245848,2750647,Molkwar
4124519,2750647,Molkwerum
1245850,2750706,Moleneind
2431637,2750706,Molenend
2431638,2750706,Mûnein
1934794,2750769,Moerdijk
2431799,2750779,Moddergat
2431800,2750779,Moddergat
12133271,2750784,"Winterswijk Miste"
2432196,2750790,Minnertsga
2432197,2750790,Minnertsgea
1245868,2750795,"Milsbeek bij Gennep"
1245869,2750797,Millingen
8552796,2750802,Mill
2426635,2750805,Mildaam
1245872,2750815,Müdrecht
1245876,2750821,Mierloo
1554434,2750824,Miedum
1554435,2750824,Miedum
1245879,2750835,Midslân
1955308,2750884,Middelharnis
2432321,2750889,Schokland
1903459,2750896,Middelburg
8231981,2750896,Middelburch
1245890,2750913,Meehr
1245891,2750913,Meer
2431762,2750919,Metslawier
2431763,2750919,Mitselwier
1245897,2750933,Meerselo
1934308,2750947,Meppel
1934311,2750947,Meppel
2919734,2750965,Menaldum
2919735,2750965,Menaam
1245901,2750972,Melissand
1245902,2750978,Melik
1245906,2750995,Meiel
1245913,2751004,Mechelen
1245917,2751037,Meersen
2022447,2751037,Meerssen
1245919,2751042,Meerloo
1942759,2751073,Medemblik
1942763,2751073,Medemblik
1245925,2751076,Meddeo
1245926,2751076,Meddeho
1245927,2751076,Meddoo
12133274,2751076,"Winterswijk Meddo"
2426548,2751091,Westpoort
1931948,2751111,Marum
1245940,2751122,Marsum
2919733,2751122,Marssum
1245952,2751155,Marken
1245955,2751161,Markeloo
13437792,2751190,"Maria Hoop"
1245967,2751222,Mande
2431955,2751257,Makkinga
2431957,2751257,Makkingea
1245976,2751280,"De Maasvlakte"
13721926,2751280,Maasvlakte
8444837,2751283,Maastricht
1942571,2751285,Maassluis
8554696,2751291,Muszès
9861419,2751291,Maashees
1934673,2751303,Maasbracht
1245987,2751310,Maartensdyk
1245991,2751316,Maarsen
1245992,2751325,Haarheeze
1245993,2751325,Maarheze
1245999,2751346,Luiksgestel
1246000,2751346,Luijksgestel
1246001,2751347,Lukswolde
1246002,2751347,Luxwolde
1246003,2751347,Lukswoude
1554432,2751347,Luxwoude
1554433,2751347,Lúkswâld
2432004,2751347,Lúkswâlde
1246007,2751359,"Lutten aan de Dedemsvaart"
13437822,2751364,Lytsewierrum
1246015,2751395,Luunjebert
1246016,2751395,Luunjeberd
1246017,2751395,Luniabird
1948984,2751424,Losser
1948987,2751424,Losser
1934689,2751429,Loppersum
1934403,2751456,"Loon op Zand"
1246022,2751482,"'t Loo"
1246023,2751482,"Het Loo"
13437929,2751482,"Loo Gld"
1246027,2751491,Longerhou
1740,2751493,Lom
1246028,2751499,Ruigelollum
4124601,2751499,Lollum
1953232,2751523,Loenen
1246040,2751538,Lobit
1246041,2751538,Lebith
1246042,2751541,Litooien
1246043,2751541,Lithoyen
1246044,2751541,Lithooien
1246045,2751543,Lit
1934091,2751543,Lith
1554430,2751551,Lippenhuizen
1554431,2751551,Lippenhuzen
1246046,2751554,Lioesens
2431766,2751554,Ljussens
2431767,2751554,Lioessens
1246062,2751623,Liezel
1246063,2751623,Liesel
1246071,2751665,Leksmond
1246074,2751669,Leveroy
1246075,2751669,Leverooi
1246080,2751682,Leut
1246081,2751686,"Nieuw Leusden"
1246082,2751686,Leusden
1246083,2751686,Leusbroek
1246089,2751714,Tent
1246091,2751729,"De Lemmer"
1554428,2751729,Lemmer
1554429,2751729,"De Lemmer"
4124630,2751729,Lemmer
1246092,2751730,Lemier
1246093,2751736,"Haven van Lelystad"
1246094,2751736,Lelystad
1554426,2751741,Lekkum
1554427,2751741,Lekkum
1246095,2751750,Leymuiden
1246105,2751773,Leyden
1985995,2751773,Leien
1986003,2751773,Leiden
2432044,2751782,Legemeer
2432045,2751782,Legemar
1246112,2751792,Leewarden
1246113,2751792,Lieuwarden
1554424,2751792,Leeuwarden
1554425,2751792,Ljouwert
4124642,2751792,Leeuwarden
1953341,2751808,Leerdam
9458627,2751813,Liens
1246122,2751834,"De Leek"
1933758,2751834,Leek
8730699,2751834,"De Like"
1246124,2751842,Ledeakker
1246127,2751867,Latum
1954797,2751874,Laren
2432046,2751888,Langweer
2432047,2751888,Langwar
2432008,2751894,Langezwaag
2432009,2751894,Langsweagen
4124656,2751894,Langezwaag
1246133,2751911,Landeveen
1246137,2751943,Langeloo
1246141,2751961,Langedijk
2431952,2751961,Langedijke
2431953,2751961,Langedike
1955768,2751980,Landsmeer
11379247,2751980,Lânsmar
1246150,2752009,Zwaluwe
1246151,2752018,"De Lage Vuursche"
1246152,2752018,"De Vuursche"
1246169,2752094,Zuthem
1246170,2752094,Laag-Zutem
1246171,2752094,Zutem
1246177,2752141,Kwadendanne
11533743,2752162,"De Kúnder"
10386987,2752180,Kubaard
10386988,2752180,Kûbaard
11633823,2752213,Kruninge
1246191,2752264,Krimpen
3058498,2752264,"Krimpen aan den IJssel"
3058499,2752264,"Krimpen a/d IJssel"
3058517,2752264,"Krimpen aan de Yssel"
3058518,2752264,"Krimpen a/d Yssel"
3058519,2752264,"Krimpen aan den Yssel"
1246192,2752267,Krimpen
3058533,2752267,"Krimpen a/d Lek"
3058534,2752267,"Krimpen aan den Lek"
1246203,2752331,Krabbendyke
2432048,2752365,Koufurderrige
2432049,2752365,Koufurderrige
2432050,2752365,Kûfurderrige
4124687,2752365,Koufurderrige
4124688,2752367,Koudum
1246211,2752377,Koudekerk
1246212,2752377,"Koudekerk an der Rijn"
3058529,2752377,"Koudekerk a/d Rijn"
3058530,2752377,"Koudekerk aan de Rijn"
1246215,2752399,Kotgene
2431552,2752414,Kortehemmen
2431553,2752414,Koartehimmen
1246219,2752422,"Kornwerderzand Sluizen"
4124694,2752422,Kornwerderzand
1246220,2752424,Koornhorn
1246221,2752424,Kornhorne
2431574,2752444,Kootstertille
2431575,2752444,Koatstertille
1246227,2752476,Koog
1246237,2752520,Kollumerland
1554416,2752520,Kollumerland
1554417,2752520,Kollumerlân
1554420,2752520,Kollumerzwaag
1554421,2752520,Kollumersweach
1554418,2752522,Kollumerpomp
1554419,2752522,Kollumerpomp
4124699,2752522,Kollumerpomp
1554414,2752524,Kollum
1554415,2752524,Kollum
4124701,2752524,Kollum
11605152,2752611,Kleastersân
1246250,2752619,Lidlum
2431873,2752619,Klooster-Lidlum
2431874,2752619,Kleaster-Lidlum
11647704,2752627,Kleasterbuorren
13437793,2752660,"Klein Zundert"
1639318,2752923,Kerkrade
1991777,2752923,Kerkrade
13437841,2752952,"Kerk Avezaath"
1246311,2752986,Keyenborg
1246312,2752986,Keienburg
1246313,2752986,Keienborg
1246318,2753009,Katwijk
8555549,2753013,"Katwijk aan de Maas"
13437946,2753013,"Katwijk NB"
2426637,2753034,Ketlik
1246326,2753067,Kapelbrug
1246327,2753067,Kappellebrug
1246328,2753070,Capelle
1246329,2753071,Avezaath
1246330,2753071,"Kapel Avezaath"
1246336,2753092,"De Roskam"
1246337,2753096,Noordeinde
13437948,2753096,"Noordeinde Gld"
1246338,2753097,Camperland
2004619,2753106,Kampen
2004622,2753106,Kampen
1246350,2753159,Kaard
1246352,2753171,"De Kaag"
6918607,2753173,Jutrijp
1246358,2753189,Schurega
1246359,2753189,Jubbega
1246360,2753192,Jouwswier
2431760,2753192,Jouswier
2431761,2753192,Jouswier
2299692,2753197,"De Jouwer"
2432016,2753197,Joure
12133254,2753199,Jorwert
2432006,2753210,Jonkersland
2432007,2753210,Jonkerslân
1246368,2753242,Jeslum
4124765,2753242,Jislum
2431744,2753265,Janum
2432142,2753307,Irnsum
2432143,2753307,Jirnsum
1554412,2753323,Indijk
1554413,2753323,Yndyk
1246395,2753353,Ysselsteyn
1246396,2753353,IJsselstein
1246397,2753355,IJselstein
1246398,2753358,IJselmuiden
1246406,2753365,IJselham
1554410,2753369,IJsbrechtum
1554411,2753369,Ysbrechtum
2432413,2753374,IJpecolsga
2432414,2753374,Ypecolsga
2432415,2753374,Ypekolsgea
1246417,2753376,Ymuiden
1246418,2753376,IJmond
1554408,2753379,IJlst
1554409,2753379,Drylts
1246422,2753389,Idsega
1246423,2753390,Taskenhuizen
2432051,2753390,Idskenhuizen
2432052,2753390,Jiskenhuzen
1246424,2753393,Idsegahuizen
2432117,2753395,Idaerd
2432118,2753395,Idaard
12133273,2753407,"Winterswijk Huppel"
2026232,2753416,Hunsel
1246436,2753423,"Hummelo en Keppel"
1956308,2753468,Huizen
7319335,2753489,"Huis ter Heide"
1246471,2753504,Huisen
1246472,2753505,Huiseling
13523554,2753516,Huins
1246478,2753521,Huibergen
1246482,2753534,Houwerxijl
2431557,2753545,Houtigehage
2431558,2753545,"De Houtigehage"
4124810,2753545,Houtigehage
1246496,2753593,Horsen
1246497,2753599,Hoornsterzwaag
2432383,2753599,Hornsterzwaag
2432384,2753599,Hoarnstersweach
1246503,2753636,"De Hoorn"
1246504,2753636,"Den Hoorn"
1639100,2753638,Hoarn
1639104,2753638,Hoorn
13437825,2753666,"Hoogvliet Rotterdam"
1246510,2753681,Hoogmaden
11461669,2753706,Hegesân
1246512,2753709,Hoogenweg
1643210,2753719,Hoogeveen
1643214,2753719,Hoogeveen
1246530,2753758,"'t Hooge Heksel"
1246531,2753758,"Hooge Heksel"
1246536,2753801,Hoofddorp
2005163,2753801,Hoofddorp
1246538,2753806,Hondshorledijk
1246539,2753806,Honselerdijk
7319337,2753834,Hommerts
11637875,2753834,"De Hommerts"
1246546,2753846,Holwierda
1554406,2753852,Holwerd
1554407,2753852,Holwert
2431611,2753887,Hollum
2431612,2753887,Hollum
1246551,2753907,"Het Hollandsche Veld"
11991602,2753954,Hogebeintum
1246582,2753980,"De Hoeven"
1246583,2753996,Hoensbrock
1246586,2754004,Hoenderlo
1246588,2754007,"Hook of Holland"
2033523,2754007,"Hoek van Holland"
1246593,2754039,Hobreede
2431841,2754044,Hitzum
2431842,2754044,Hitsum
1246598,2754050,Hypolitushoef
1554404,2754059,Hindeloopen
1554405,2754059,"Hylpen / Hynljippen"
11425175,2754059,Hylpen
1246603,2754064,Hilvertsheim
1650468,2754064,Hilversum
8312465,2754064,Hilfertsom
12133256,2754088,Hijlaard
1246613,2754104,Hydaard
1554402,2754104,Hidaard
1554403,2754104,Hidaard
2431804,2754106,Hiaure
2431805,2754106,"De Lytse Jouwer"
1246614,2754107,Hezinge
1246615,2754107,Hesingen
1246617,2754111,Heijthuizen
1246618,2754111,Heythuizen
1246619,2754111,Heithuizen
2025807,2754111,Heythuysen
1246623,2754135,Housden
1958946,2754147,Heumen
1246627,2754150,Heukelom
1246629,2754155,Heukelum
1246630,2754155,"Hoog Heukelum"
1246631,2754155,"Hoog Heukelom"
1246706,2754324,Hertmen
2431847,2754366,Herbaijum
2431848,2754366,Hjerbeam
1246718,2754368,Hengsel
1246719,2754368,Henzel
1554400,2754381,Hennaard
1554401,2754381,Hinnaard
1246720,2754385,Hengsdijk
1246721,2754385,Hengstdyk
1246726,2754389,Hengeveld
1246728,2754394,Hemgelo
1246729,2754394,Hengeloo
1649123,2754394,Hengelo
1649126,2754394,Hengelo
1246730,2754395,Hengeloo
13437818,2754395,"Hengelo (Gld)"
2431973,2754417,Hemrik
2431974,2754417,"De Himrik"
4124909,2754417,Hemrik
1554398,2754428,Hemelum
1554399,2754428,Himmelum
1246736,2754440,Helvoort
1646077,2754447,Helmond
1956099,2754457,Hellendoorn
1956102,2754457,Hellendoorn
4124918,2754502,Heino
1246743,2754516,Heilo
1934243,2754516,Heiloo
4124920,2754516,Heiloo
1246745,2754518,Heiligland
1246746,2754518,"Heilige Land"
1246761,2754553,Heiningen
1246762,2754555,Heienrade
1246763,2754555,Heijenraat
1246764,2754556,Heien
7752508,2754578,Heidenschap
4124929,2754618,Heeze
1246777,2754621,Heten
1246779,2754632,Heeselt
1616927,2754652,Heerlen
1951258,2754659,Heerhugowaard
2697675,2754662,Heriwarda
1554396,2754669,Heerenveen
1554397,2754669,"It Hearrenfean"
1950376,2754692,Heemstede
11343249,2754692,Hiemstee
1957750,2754697,Heemskerk
4124936,2754697,Heemskerk
1246789,2754714,"De Hee"
1246791,2754723,Hazerswoude-Rijndijke
1246792,2754724,Hazerswoude
2431949,2754758,Haulerwijk
2431951,2754758,Haulerwyk
4124942,2754758,Haulerwijk
2431940,2754762,Haule
2431941,2754762,"De Haule"
4124943,2754762,Haule
1955702,2754768,Hattem
2432024,2754796,Haskerhoarne
2432025,2754796,Haskerhorne
2432040,2754797,Haskerdijken
2432041,2754797,Haskerdiken
1246801,2754804,Hartskamp
1246802,2754804,Hartenkamp
1554394,2754817,Harlingen
1554395,2754817,Harns
1246806,2754821,Harkema
2431584,2754821,Harkema-Opeinde
2431585,2754821,"De Harkema"
1657526,2754841,Haren
4124952,2754841,Haren
13437824,2754841,"Haren Gn"
1246815,2754861,Stad-Hardenberg
1949031,2754861,Hardenberg
1949034,2754861,Hardenberg
1554392,2754864,Hardegarijp
1554393,2754864,Hurdegaryp
1246819,2754866,Harbrinkhoef
2431757,2754874,Hantumhuizen
2431758,2754874,Hantumhuzen
2431753,2754875,Hantumeruitburen
2431754,2754875,Hantumerútbuorren
2431786,2754878,Hantum
2431787,2754878,Hantum
1246821,2754880,Hansweerd
1246831,2754936,Hal
1246833,2754947,Haeler
1246840,2754975,Halen
2025682,2754975,Haelen
1246844,2754981,Haarxuilens
1246845,2754981,Haarzuilen
1606499,2755003,Haarlem
7587746,2755003,Haarlim
1936445,2755009,Haaren
1949788,2755030,Haaksbergen
1949791,2755030,Haaksbergen
1246859,2755040,Guttekoven
1554390,2755052,Grouw
1554391,2755052,Grou
1246895,2755097,Wetsinge
11261037,2755115,Linden
1956998,2755204,Grootegast
1246933,2755240,Agelo
1246934,2755240,Groot-Ageloo
1605481,2755251,Grins
1605488,2755251,Groningen
1246943,2755257,Grollo
1246944,2755267,Groesen
1949391,2755272,Groesbeek
1246949,2755281,Grenlo
1950860,2755281,Groenlo
9452557,2755317,Gryptsjerk
2014197,2755358,Grave
1246963,2755363,Gratem
1246964,2755382,Grauw
1246975,2755401,Korendijk
1246976,2755420,Guda
1638247,2755420,Gouda
1246980,2755428,Gorsel
1554388,2755429,Gorredijk
1554389,2755429,"De Gordyk"
4125030,2755429,Gorredijk
11529023,2755429,Gordyk
8710651,2755434,Garkum
1246994,2755464,Goorle
1935910,2755464,Goirle
1246997,2755467,Goëngaryp
1246998,2755467,Goengarijp
2432082,2755467,Goingarijp
2432083,2755467,Goaiïngaryp
11991679,2755467,Goïngarijp
1932783,2755476,Goes
1247008,2755480,Goingahuizen
2431554,2755480,Goaiïngahuzen
1247009,2755482,Goinga
1247011,2755485,Goederee
1247012,2755485,Goeree
1247013,2755492,"De Glind"
1247014,2755492,Glind
1247015,2755492,Glinde
1247016,2755492,Glinder
1247026,2755518,Gietmen
1247035,2755533,"Giessen Nieuwkerk"
1247036,2755533,"Giesen Nieuwkerk"
1247037,2755535,Giesen
2431641,2755542,Giekerk
2431642,2755542,Gytsjerk
1247038,2755546,Geijsteren
1247039,2755546,Geisteren
1247046,2755557,Guelle
1247047,2755557,Geul
1247053,2755569,Gershot
2431594,2755574,Gerkesklooster
2431595,2755574,Gerkeskleaster
7101291,2755579,Genum
13437851,2755579,Ginnum
1247055,2755584,Asnapium
1247056,2755584,"Gennep an der Maas"
1933630,2755584,Gennep
1247058,2755597,Gent
1247060,2755611,Gellekum
1247061,2755611,Gellekom
1247062,2755611,Gellikum
1247064,2755620,Gelderwoude
1948163,2755633,Geldermalsen
1940561,2755669,Geertruidenberg
1247082,2755675,Geersdijke
1247087,2755711,Gasselternijeveenschemond
1247088,2755712,Gasselternijeveen
1247090,2755720,Garshuizen
1247091,2755728,Garnerwolde
2431623,2755729,Garijp
2431624,2755729,Garyp
2431982,2755819,Frieschepalen
2431983,2755819,"Fryske Peallen"
2432132,2755820,Friens
2432133,2755820,Friens
1554386,2755845,Franeker
1554387,2755845,Frjentsjer
1247111,2755850,Wolde
1247112,2755850,Fokswolde
1247113,2755853,Fokshol
2431794,2755857,Foudgum
2431795,2755857,Foudgum
1247114,2755863,Formearum
1247117,2755868,Folsgara
6918608,2755871,Follega
1247121,2755879,Fochtelo
2431937,2755879,Fochteloo
2431939,2755879,"De Fochtel"
2431877,2755902,Firdgum
2431878,2755902,Furdgum
2728830,2755907,Feinsum
5580326,2755907,Finkum
11651448,2755920,Ferwerd
1247130,2755941,Eijs
1247131,2755941,Eis
1247132,2755944,Eksmorra
2426774,2755944,Eksmoarre
1247133,2755947,Eksloo
1247134,2755947,Exlo
1247135,2755948,Ekslooërveen
1247141,2755989,Rotterdam-Europoort
1247142,2755989,Eurapoort
1952535,2755989,Europoort
4125081,2755989,Europoort
13437961,2755989,"Europoort Rotterdam"
1247150,2756019,Espele
8554782,2756028,Esteren
1930227,2756039,Ermelo
1247152,2756041,Erlekom
1247155,2756066,Enspik
1611679,2756071,Enskede
1611683,2756071,Enschede
1991930,2756071,Ynskedee
1645187,2756077,Inkhuzen
1645191,2756077,Enkhuizen
2431784,2756081,Engwierum
2431785,2756081,Ingwierrum
2919729,2756088,Engelum
2919730,2756088,Ingelum
1996859,2756136,Emmen
1996863,2756136,Emmen
8322777,2756139,Emmeloard
13437878,2756160,"Elst Ut"
1247184,2756168,Elslo
2431946,2756168,Elsloo
2431947,2756168,Elslo
1247185,2756169,Elslo
1247191,2756190,Ellewoudsdijk
1247192,2756200,Ellekom
1247193,2756202,El
1247195,2756204,Elkenraad
1607894,2756253,Eindhoven
1247209,2756283,Eysden
1247210,2756283,Eisden
1247211,2756285,Eggelshoven
1247212,2756285,Eygelshovenerneg
1247213,2756285,Eijgelshoven
1247214,2756285,Eigelshoven
1247221,2756302,"Egmond op den Hoef"
3058525,2756302,"Egmond a/d Hoef"
3058526,2756302,"Egmond aan de Hoef"
1247222,2756308,Echel
1247224,2756314,"Noord Eexterveen"
1247225,2756314,Eeksterveen
1247228,2756317,Eekst
1247229,2756318,Eeten
1247230,2756318,Eten
2431631,2756321,Eestrum
2431632,2756321,Jistrum
6918609,2756323,Eesterga
1247235,2756335,"1e Exloërmond"
1247236,2756335,"Eerste Exsloërmond"
1247237,2756335,"Eerste Ekslooërmond"
1947776,2756342,Eersel
2431657,2756344,Eernewoude
2431658,2756344,Earnewâld
2697714,2756351,Erbeke
1247242,2756355,Enum
4125123,2756386,Eemshaven
11373446,2756394,Iemnes
1247256,2756405,Eeldenerwolde
1247257,2756408,Paterswolde
1247258,2756408,Eelde
2431779,2756422,Ee
2431780,2756422,Ie
2729601,2756427,Iens
1999915,2756429,Ede
1247263,2756432,Wiel
1247264,2756432,Eck
1247265,2756432,"Ek en Wiel"
1247267,2756434,Ekkelrade
1247268,2756438,Echterbrug
1247271,2756451,Dwingelo
13393906,2756504,Amsterdam-Duivendrecht
1948328,2756507,Duiven
1949956,2756539,Druten
1920832,2756559,Dronten
2919731,2756561,Dronrijp
2919732,2756561,Dronryp
1247288,2756564,Drochteropslagen
1247291,2756567,Droogeham
2431580,2756567,Drogeham
2431581,2756567,Droegeham
1942595,2756569,Drimmelen
1247292,2756577,Driezum
2431739,2756577,Driesum
13437852,2756598,"Driehuis NH"
1247297,2756616,Drieburg
1247305,2756634,Dremt
1247306,2756636,Drijschor
8496129,2756636,Dreischor
1247310,2756642,"Drachster Compaghnie"
1247311,2756642,"De Compagnie"
2431559,2756642,Drachtstercompagnie
2431560,2756642,"Drachtster Kompenije"
2431543,2756644,Drachten
2431544,2756644,Drachten
4125147,2756644,Drachten
1247320,2756669,Dordt
1247321,2756669,Dort
1613926,2756669,Doardt
1613932,2756669,Dordrecht
1247325,2756677,Doornspyk
1955106,2756686,Doorn
2431943,2756703,Donkerbroek
2431945,2756703,Donkerbroek
4125153,2756703,Donkerbroek
2432078,2756715,Doniaga
2432079,2756715,Dunegea
2431857,2756719,Dongjum
2431858,2756719,Doanjum
1932742,2756723,Dongen
1554384,2756759,Dokkum
1554385,2756759,Dokkum
4125159,2756759,Dokkum
1652112,2756767,Doetinchem
1247342,2756774,"Groot Doenrade"
1247343,2756777,Doodeward
1247345,2756788,Dirckshorn
1247347,2756793,Dingsperloo
2432076,2756842,Dijken
2432077,2756842,Diken
1247364,2756859,Diesen
1247367,2756888,Diemerbrug
1952460,2756888,Diemen
1247372,2756912,"Groote Zilk"
1247373,2756912,Zilk
1247380,2756932,Wilp
1247381,2756933,Wilgen
2431537,2756933,"De Wilgen"
2431538,2756933,"De Wylgen"
1247383,2756936,Wijk
1247384,2756936,"De Wyk"
1247388,2756949,Weere
1247392,2756962,Waal
1646957,2756987,Dimter
1646961,2756987,Deventer
2431547,2756990,"De Veenhoop"
2431548,2756990,"De Feanhoop"
4125185,2756990,"De Veenhoop"
1247400,2756993,Valom
2431728,2756993,"De Valom"
2431729,2756993,"De Falom"
1247403,2757001,Duurse
1247407,2757006,Deurninge
1247408,2757006,Deuringen
1247413,2757023,Tike
2431539,2757023,"De Tike"
2431540,2757023,"De Tike"
1247419,2757041,Steeg
1247427,2757095,Rijp
1247432,2757124,Punt
1247438,2757135,Pol
1247439,2757135,"De Polle"
1247453,2757182,Velde
1247458,2757194,Oever
11649825,2757194,"De Oever"
1247460,2757204,Ilp
1247465,2757211,Hout
1247466,2757212,Horn
1247467,2757213,Hoorn
1247468,2757213,"De Hoorn"
1247470,2757215,Hoorn
1247471,2757220,Helder
1247472,2757220,"Der Helder"
1642076,2757220,"Den Helder"
8320883,2757220,"De Helder"
1247473,2757222,Ham
1247475,2757224,Ham
1247478,2757237,Dungen
1247479,2757240,Dolder
1247483,2757244,Burg
1247484,2757244,"De Burg"
1247486,2757253,Bommel
1247488,2757257,Andel
1247494,2757281,Sint-Joachimsmoer
1247496,2757295,Meern
1247501,2757318,"Beneden Delwijnen"
1247502,2757320,Lutte
1247506,2757336,Lier
1247508,2757340,Delfzyl
1908127,2757340,Delfzijl
1616814,2757345,Delft
1247518,2757379,Kwakel
1247519,2757379,Kwake
1247525,2757396,Krim
1247526,2757396,"De Kruin"
1247531,2757417,Koog
1247533,2757433,"De Klomp"
2919727,2757475,Deinum
2919728,2757475,Deinum
1247561,2757539,Hoef
1247562,2757539,"Den Hoef"
1247573,2757574,Hoogedorp
1247574,2757574,Heen
1247589,2757609,Groeve
1247590,2757609,"De Groeze"
1247592,2757623,Goorn
2432140,2757653,Deersum
2432141,2757653,Dearsum
1247621,2757696,Dedgom
11554312,2757698,Dedemsfeart
1247626,2757710,Cocksdorp
1247640,2757773,Blesse
1247643,2757783,"De Bilt"
1247653,2757831,Derp
1247654,2757838,Murmerwoude
1554382,2757838,Damwoude
1554383,2757838,Damwâld
2431734,2757838,Moarrewâld
1247657,2757845,Dalmsholt
1950648,2757850,Dalfsen
1950651,2757850,Dalfsen
1247662,2757872,Culemborg
1247664,2757874,Kuyk
1247665,2757874,Cuyk
1936349,2757874,Cuijk
8555535,2757874,Kuuk
8555564,2757879,Crummert
9861418,2757879,Cromvoirt
1247674,2757899,Koten
1554423,2757906,Koarnwert
1247680,2757909,Koarnjum
11991600,2757909,Cornjum
13437947,2757915,"Winterswijk Corle"
1247687,2757924,Kolmschate
1247688,2757928,Kollendoorn
1247690,2757931,Colijnsplaat
1247703,2757937,Koevorden
1651989,2757937,Coevorden
1651992,2757937,Coevorden
1247708,2757951,Klinge
1247715,2757991,Kastrikum
1955086,2757991,Castricum
1247716,2757993,Kasteren
1247717,2757994,Kastenraai
1247718,2757994,Castenraai
1247719,2757994,Castenraij
1247720,2757996,Kastelree
13438032,2757996,Castelre
1247724,2758012,Kapelle
1247725,2758012,Capelle
1958324,2758012,"Capelle aan den IJssel"
3058494,2758012,"Capelle a/d IJssel"
3058495,2758012,"Capelle aan de IJssel"
3058520,2758012,"Capelle aan den Yssel"
3058521,2758012,"Capelle a/d Yssel"
3058522,2758012,"Capelle aan de Yssel"
1247734,2758027,Kallensoog
1247736,2758033,Kadzand
1247737,2758033,Casant
1247738,2758035,Kadier
1247739,2758035,Cadier
1247740,2758035,"Kadier en Keer"
1950557,2758064,Bussum
1247751,2758096,Bueren
2431610,2758096,Buren
1554380,2758131,Buitenpost
1554381,2758131,Bûtenpost
1247764,2758161,Buggenem
1247765,2758161,Bruggenum
1247766,2758163,"Groot Schoot"
1247767,2758163,"Groote Schoot"
1247768,2758164,Dorplein
1247769,2758164,Dorpplein
4125328,2758168,Bruntinge
1247773,2758174,Brunsum
1937262,2758174,Brunssum
1247785,2758239,"De Broek"
1247786,2758239,Broek
1554378,2758239,Broeksterwoude
1554379,2758239,Broeksterwâld
1247787,2758245,"Broek op Langendijk"
1247788,2758258,Broek
1247789,2758260,Broekhuizervorst
11991599,2758306,Britswert
12133270,2758314,"Winterswijk Brinkheurne"
1247792,2758316,"De Bril"
1247802,2758326,"Den Briel"
1247803,2758329,Breukelerveen
7319347,2758358,Breezanddijk
1610890,2758401,Breda
2431788,2758402,Brantgum
2431789,2758402,Brantgum
1554376,2758452,Bozum
1554377,2758452,Boazum
1247823,2758453,Beul
1247824,2758453,Boijl
1247825,2758453,Boil
1247826,2758453,Beuil
1247827,2758453,Boyle
2432417,2758453,Boyl
2919725,2758458,Boksum
2919726,2758458,Boksum
1247831,2758460,Bokstel
1935430,2758460,Boxtel
1247832,2758462,Boksmeer
1930952,2758462,Boxmeer
1247842,2758490,Leeuwen
1247843,2758492,"Nieuw Brongerga"
1247845,2758492,"De Knijpe"
1247846,2758492,"De Knipe"
1247847,2758492,"De Knype"
1247851,2758514,Boertange
1247852,2758514,Boertang
1247868,2758587,Borsele
1247869,2758587,Borsselen
2001149,2758587,Borsele
16530703,2758587,Borssele
1247871,2758591,Bornwerd
2431749,2758591,Bornwird
2431750,2758591,Boarnwert
1247873,2758595,Bornebroek
1992953,2758598,Borne
1992959,2758598,Borne
4125374,2758598,Borne
1247876,2758607,Borgweg
1247879,2758626,Borkulo
2432037,2758629,Boornzwaag
2432038,2758629,Boarnsweach
2431521,2758633,Boornbergum
2431522,2758633,Boarnburgum
1554374,2758682,Bolsward
1554375,2758682,Boalsert
4125382,2758682,Bolsward
2431883,2758747,Boer
2431884,2758747,Boer
4125386,2758747,Boer
1247892,2758748,Surhuisterveensterheide
2431588,2758748,Boelenslaan
2431589,2758748,Boelensloane
1247897,2758770,Bocholz
1951941,2758804,Bloemendaal
1247900,2758809,Blitterswijk
13393904,2758820,Blija
2919723,2758821,Blessum
2919724,2758821,Blessum
13437821,2758825,"Bleskensgraaf ca"
1247902,2758828,Blesdijk
1247910,2758868,Blarikum
1956792,2758868,Blaricum
2030365,2758878,Bladel
1554372,2758895,Birdaard
1554373,2758895,Burdaard
1247932,2758969,Biest-Houtakker
9447634,2758980,Bierfliet
1247941,2758998,Berverwyk
2037261,2758998,Beverwijk
11339980,2758998,Beverwyk
13437816,2759016,"Beuningen Gld"
10929368,2759027,Beugen
1934219,2759040,Best
1554370,2759057,Berlikum
1554371,2759057,Berltsum
1247956,2759059,Berlikum
1247960,2759097,Beringen
1554368,2759103,Bergum
1554369,2759103,Burgum
1247967,2759126,Berchem
1247969,2759132,Bergeik
1247970,2759132,Bergeijk
1930468,2759132,Bergeijk
1654598,2759145,"Bergen op Zoom"
1247974,2759154,Bergen-Binnen
13437817,2759154,"Bergen (NH)"
1657664,2759155,Bergen
4125434,2759155,Bergen
1247980,2759180,Benteloo
1935257,2759199,Bennebroek
1247983,2759212,Leeuwenbeneden
2431971,2759275,Beetstersweach
2431972,2759275,Beetsterzwaag
1247993,2759281,Beetgumermolden
2919721,2759281,Beetgumermolen
2919722,2759281,Bitgummole
2919719,2759283,Bitgum
2919720,2759283,Beetgum
1247994,2759286,Besel
1247995,2759288,Beest
1247997,2759291,Beerserveen
1247999,2759294,Beerse
13437823,2759308,Bears
8555541,2759309,Bèèrs
13437926,2759309,"Beers NB"
1933322,2759356,Bedum
1248016,2759381,Batmen
2431608,2759456,Ballum
2431609,2759456,Ballum
1248030,2759458,Ballo
1248036,2759480,Balgoy
11990976,2759480,Balgoij
2431969,2759486,Bakkeveen
2431970,2759486,Bakkefean
1248041,2759513,Baaijum
1248042,2759513,Bajum
1248043,2759513,Baium
13437790,2759513,Baaium
1248048,2759522,Baaksem
1248050,2759526,Babiloniënbroek
1647923,2759544,Baarn
1248053,2759547,"Kuinderdijk en Baarlo"
1248054,2759547,Baarloo
1248055,2759547,"Kuinderdijk en Baarloo"
1248057,2759549,Baarloo
1908639,2759554,Baarle-Nassau
1248065,2759583,Baaidunen
1248066,2759585,"Groot Azewijn"
1248072,2759594,Aksel
2431567,2759611,Augustinusga
2431568,2759611,Stynsgea
1248075,2759614,Lutjewoude
1248076,2759614,Augstbuurt
1248077,2759614,Augsbuur
1248078,2759614,Augsbuurt
2431578,2759614,Augsbuurt-Lutjewoude
2431579,2759614,Lytsewâld
4125478,2759614,Augsbuurt-Lutjewoude
6113640,2759614,Lutjewoude
6113641,2759614,Augstbuurt
6113642,2759614,Augsbuurt
6113643,2759614,Augsbuur
1932632,2759621,Asten
1611166,2759633,Assen
1611172,2759633,Assen
2009762,2759643,Asperen
1248088,2759655,Ariën
1248089,2759661,Arnheim
1900191,2759661,Arnhem
1986869,2759661,Arnhim
11469367,2759684,Arsen
1248092,2759698,"Nieuw Appelsga"
1248093,2759698,Appelsga
2431925,2759698,Appelscha
2431927,2759698,Appelskea
1611467,2759706,Apeldoorn
8308048,2759706,Apeldoarn
1248095,2759724,"Annerveensch Kanaal"
1248098,2759737,"Anna Paulowne"
1940527,2759737,"Anna Paulowna"
1248100,2759746,Anlo
1554366,2759757,Anjum
1554367,2759757,Eanjum
1248106,2759774,"Andijk Oost"
1593918,2759794,Amsterdam
1593936,2759794,Amsterdam
1248126,2759798,"Nieuwer Amstel"
1618019,2759798,Amstelveen
1612722,2759821,Amersfoort
1248135,2759831,Amerika
1248147,2759875,"Alphen aan der Rijn"
1248148,2759875,Alfen
1248149,2759875,"Alphen aan de Rijn"
1248150,2759875,Alphen
1928102,2759875,"Alphen aan den Rijn"
3058489,2759875,"Alphen a/d Rijn"
1248151,2759876,Alfen
2729234,2759876,"Alphen aan de Maas"
1248152,2759877,Alfen
7636050,2759879,Almere
11262277,2759879,Almere
1248158,2759887,Almeloo
1647733,2759887,Almelo
1647737,2759887,Almelo
1248159,2759891,Allingaweer
1616830,2759899,Alkmar
1616836,2759899,Alkmaar
2432019,2759921,Eagmaryp
2432020,2759921,Akmarijp
1248169,2759922,Ankrum
2432113,2759922,Akkrum
2432114,2759922,Akkrum
4125520,2759922,Akkrum
13437853,2759946,"Afferden L"
1744,2759950,Aard
1248189,2759950,Aardt
1248190,2759951,Aardenhout
1248191,2759956,Egum
2432121,2759956,Aegum
2432122,2759956,Eagum
1248193,2759961,Adewardervoorwerk
1248194,2759961,Adeward
1248196,2759975,Akkooi
1248197,2759975,Ackooy
1248198,2759975,Ackooi
1248199,2759975,Acquoij
2431887,2760053,Achlum
2431888,2760053,Achlum
4125534,2760053,Achlum
1248217,2760067,Abkoude
1949985,2760067,Abcoude
1248223,2760085,Aardswoud
1248224,2760085,Aartwoud
1248232,2760121,Aalsum
2431745,2760121,Aalzum
2431746,2760121,Ealsum
1651565,2760123,Aalten
1647134,2760134,Aalsmeer
1938305,2760144,Aalburg
2322156,2760144,"Wijk en Aalburg"
12133264,6544759,Zeijerveen
12133263,6544760,Zeijerveld
11991677,8605013,Balloërveld
16433663,10173839,Schiphol-Rijk
16433756,10173839,Schiphol
12133726,11395893,Achterveld
13438027,11524800,"Botlek Rotterdam"
